"name","bpmag-Gmag","bpmag-rpmag","bpmag-Jmag","bpmag-Hmag","bpmag-Kmag","bpmag-W1mag","bpmag-W2mag","Gmag-rpmag","Gmag-Jmag","Gmag-Hmag","Gmag-Kmag","Gmag-W1mag","Gmag-W2mag","rpmag-Jmag","rpmag-Hmag","rpmag-Kmag","rpmag-W1mag","rpmag-W2mag","Jmag-Hmag","Jmag-Kmag","Jmag-W1mag","Jmag-W2mag","Hmag-Kmag","Hmag-W1mag","Hmag-W2mag","Kmag-W1mag","Kmag-W2mag","W1mag-W2mag"
"Gaia16bnn",0.35,0.97,2.65,3.16,3.26,3.34,3.03,0.62,2.29,2.81,2.91,2.99,2.67,1.68,2.19,2.29,2.37,2.06,0.51,0.62,0.70,0.38,0.10,0.19,-0.13,0.08,-0.24,-0.32
"Gaia16bnz",0.20,0.48,0.94,1.19,1.29,1.47,1.56,0.28,0.74,1.00,1.10,1.27,1.36,0.46,0.72,0.82,0.99,1.08,0.26,0.36,0.53,0.62,0.10,0.28,0.36,0.18,0.26,0.09
"Gaia17ahl",1.10,2.46,4.90,5.97,6.23,6.67,6.44,1.35,3.80,4.87,5.12,5.57,5.34,2.44,3.52,3.77,4.21,3.99,1.08,1.33,1.77,1.54,0.25,0.70,0.47,0.44,0.22,-0.23
"Gaia17bpp",1.24,2.71,9.60,10.86,11.30,11.54,11.44,1.47,8.36,9.63,10.06,10.31,10.20,6.89,8.15,8.59,8.83,8.73,1.27,1.70,1.95,1.84,0.43,0.68,0.57,0.25,0.14,-0.11
"Gaia17bts",0.64,1.45,2.60,3.20,3.13,3.28,3.42,0.81,1.96,2.56,2.50,2.64,2.78,1.14,1.75,1.68,1.83,1.97,0.61,0.54,0.68,0.83,-0.07,0.08,0.22,0.15,0.29,0.14
"Gaia17bzd",1.41,2.79,4.74,5.49,5.86,6.35,6.68,1.37,3.33,4.08,4.44,4.94,5.26,1.95,2.71,3.07,3.57,3.89,0.76,1.12,1.62,1.94,0.36,0.86,1.18,0.50,0.82,0.32
"Gaia17cad",2.95,4.58,7.97,9.11,9.60,10.16,9.99,1.63,5.03,6.16,6.66,7.22,7.04,3.40,4.53,5.03,5.59,5.41,1.14,1.63,2.19,2.02,0.49,1.05,0.88,0.56,0.39,-0.17
"Gaia17clq",0.37,0.90,1.72,1.96,2.36,1.86,1.38,0.53,1.35,1.59,1.99,1.48,1.01,0.82,1.06,1.46,0.95,0.47,0.24,0.64,0.13,-0.34,0.40,-0.10,-0.58,-0.50,-0.98,-0.48
"Gaia18aju",0.68,2.17,3.79,4.70,4.97,4.92,4.87,1.48,3.11,4.01,4.29,4.24,4.19,1.62,2.53,2.81,2.76,2.70,0.91,1.19,1.13,1.08,0.28,0.23,0.17,-0.05,-0.10,-0.05
"Gaia18akn",0.66,1.47,2.66,2.95,3.14,4.09,4.15,0.81,2.00,2.28,2.47,3.43,3.49,1.19,1.47,1.66,2.62,2.68,0.28,0.47,1.43,1.48,0.19,1.14,1.20,0.95,1.01,0.06
"Gaia18akt",0.77,1.65,3.33,3.69,3.98,4.31,4.69,0.88,2.55,2.92,3.21,3.53,3.92,1.68,2.04,2.33,2.66,3.04,0.37,0.66,0.98,1.37,0.29,0.61,1.00,0.32,0.71,0.39
"Gaia18asq",1.21,2.31,3.92,4.66,4.85,4.96,5.08,1.11,2.72,3.46,3.64,3.76,3.88,1.61,2.35,2.54,2.65,2.77,0.74,0.93,1.04,1.16,0.19,0.30,0.42,0.11,0.23,0.12
"Gaia18atq",3.22,4.77,8.06,9.03,9.55,9.94,9.93,1.54,4.84,5.81,6.33,6.72,6.70,3.29,4.26,4.79,5.17,5.16,0.97,1.49,1.88,1.87,0.52,0.91,0.90,0.39,0.37,-0.02
"Gaia18auy",1.35,2.50,4.53,5.11,5.35,6.29,6.18,1.15,3.18,3.77,4.00,4.94,4.83,2.03,2.62,2.85,3.79,3.68,0.59,0.82,1.76,1.65,0.24,1.17,1.06,0.94,0.83,-0.11
"Gaia18bmt",1.05,2.09,3.65,4.39,4.61,4.90,4.86,1.04,2.60,3.34,3.56,3.85,3.80,1.56,2.31,2.52,2.81,2.77,0.74,0.96,1.25,1.21,0.22,0.51,0.46,0.29,0.24,-0.04
"Gaia18ccq",1.12,2.53,5.78,6.90,7.69,8.80,9.37,1.42,4.67,5.78,6.57,7.68,8.25,3.25,4.36,5.15,6.26,6.84,1.11,1.90,3.01,3.59,0.79,1.90,2.47,1.11,1.68,0.58
"Gaia18ces",0.85,1.86,3.31,4.16,4.30,4.35,4.02,1.01,2.47,3.32,3.46,3.50,3.18,1.46,2.31,2.45,2.49,2.17,0.85,0.99,1.03,0.71,0.14,0.18,-0.14,0.04,-0.28,-0.32
"Gaia18cjb",0.89,2.50,4.72,5.99,7.57,9.84,11.51,1.61,3.83,5.10,6.69,8.95,10.62,2.22,3.49,5.08,7.34,9.01,1.27,2.86,5.12,6.79,1.59,3.85,5.52,2.26,3.94,1.67
"Gaia18cnm",1.67,3.07,5.45,6.50,6.84,7.04,6.33,1.40,3.77,4.83,5.16,5.37,4.66,2.38,3.43,3.77,3.97,3.26,1.05,1.39,1.60,0.88,0.34,0.54,-0.17,0.21,-0.51,-0.72
"Gaia18cre",0.09,0.29,0.49,0.53,0.59,0.68,0.63,0.19,0.40,0.44,0.50,0.59,0.54,0.21,0.25,0.31,0.39,0.35,0.04,0.10,0.19,0.14,0.06,0.15,0.10,0.09,0.04,-0.04
"Gaia18cwv",2.49,3.92,6.42,7.56,7.89,8.16,8.18,1.43,3.93,5.07,5.40,5.67,5.69,2.50,3.64,3.97,4.24,4.26,1.14,1.47,1.74,1.76,0.33,0.60,0.62,0.27,0.29,0.02
"Gaia18dep",0.46,1.08,1.90,2.33,2.24,2.63,2.43,0.62,1.44,1.87,1.78,2.16,1.97,0.82,1.25,1.16,1.54,1.35,0.43,0.34,0.73,0.54,-0.09,0.29,0.10,0.39,0.20,-0.19
"Gaia18dvi",1.41,2.60,4.58,5.17,5.42,5.59,5.52,1.20,3.18,3.76,4.01,4.18,4.11,1.98,2.56,2.81,2.98,2.91,0.58,0.84,1.01,0.93,0.25,0.42,0.35,0.17,0.10,-0.07
"Gaia19aik",0.95,1.93,3.35,3.79,3.99,4.86,5.13,0.98,2.40,2.84,3.04,3.90,4.18,1.42,1.86,2.06,2.93,3.20,0.44,0.63,1.50,1.78,0.20,1.07,1.34,0.87,1.14,0.28
"Gaia19apt",2.83,4.40,7.64,9.05,9.63,10.03,9.92,1.57,4.81,6.22,6.80,7.20,7.10,3.24,4.65,5.23,5.63,5.53,1.41,1.99,2.39,2.29,0.58,0.98,0.88,0.40,0.29,-0.11
"Gaia19apx",1.70,3.12,5.60,6.78,7.19,7.40,6.73,1.42,3.90,5.08,5.49,5.70,5.03,2.48,3.66,4.07,4.28,3.61,1.18,1.59,1.80,1.13,0.41,0.62,-0.05,0.21,-0.46,-0.67
"Gaia19aqw",0.71,1.60,2.83,3.45,3.54,3.68,3.09,0.89,2.12,2.74,2.83,2.97,2.38,1.23,1.85,1.94,2.08,1.49,0.62,0.71,0.85,0.26,0.09,0.23,-0.36,0.14,-0.45,-0.59
"Gaia19awc",2.02,3.38,5.84,6.79,7.29,7.52,7.44,1.36,3.82,4.77,5.27,5.50,5.42,2.46,3.41,3.90,4.14,4.06,0.96,1.45,1.68,1.60,0.49,0.73,0.65,0.23,0.16,-0.08
"Gaia19bat",2.33,3.93,7.37,8.85,9.41,9.80,9.62,1.60,5.04,6.52,7.08,7.47,7.30,3.44,4.92,5.48,5.87,5.69,1.48,2.04,2.43,2.25,0.56,0.95,0.78,0.39,0.21,-0.17
"Gaia19bcm",0.56,1.28,2.26,2.83,2.94,3.02,2.99,0.71,1.70,2.27,2.38,2.46,2.42,0.98,1.56,1.66,1.75,1.71,0.57,0.68,0.76,0.73,0.11,0.19,0.15,0.08,0.04,-0.04
"Gaia19bfn",0.57,1.30,2.21,2.94,3.00,2.97,2.99,0.73,1.64,2.37,2.43,2.40,2.42,0.91,1.64,1.70,1.67,1.69,0.73,0.79,0.76,0.78,0.06,0.02,0.05,-0.04,-0.01,0.02
"Gaia19bhg",1.46,3.52,8.77,9.30,11.38,12.08,11.97,2.06,7.31,7.83,9.92,10.62,10.50,5.25,5.77,7.85,8.56,8.44,0.52,2.60,3.31,3.19,2.08,2.79,2.67,0.71,0.59,-0.12
"Gaia19bld",1.36,2.51,4.33,5.32,5.67,5.78,5.61,1.15,2.97,3.96,4.31,4.42,4.25,1.83,2.81,3.16,3.27,3.10,0.99,1.34,1.45,1.28,0.35,0.46,0.29,0.11,-0.06,-0.17
"Gaia19bpg",3.93,5.52,9.48,10.91,11.85,12.28,12.33,1.59,5.55,6.98,7.92,8.34,8.39,3.96,5.39,6.33,6.75,6.81,1.43,2.37,2.80,2.85,0.95,1.37,1.42,0.42,0.47,0.05
"Gaia19bsy",0.75,1.59,2.80,3.45,3.63,3.66,3.51,0.83,2.05,2.70,2.87,2.91,2.75,1.21,1.86,2.04,2.08,1.92,0.65,0.83,0.86,0.71,0.18,0.21,0.06,0.04,-0.12,-0.16
"Gaia19ccl",0.50,1.15,2.03,2.53,2.62,2.59,2.54,0.65,1.54,2.03,2.12,2.09,2.05,0.89,1.38,1.47,1.44,1.40,0.50,0.58,0.56,0.51,0.08,0.06,0.01,-0.02,-0.07,-0.05
"Gaia19cnm",2.42,3.86,6.51,7.24,7.65,9.66,9.74,1.45,4.10,4.82,5.24,7.25,7.33,2.65,3.38,3.79,5.80,5.88,0.73,1.14,3.15,3.23,0.41,2.42,2.50,2.01,2.09,0.08
"Gaia19cyp",2.85,4.31,8.07,9.57,10.32,11.02,11.17,1.47,5.23,6.72,7.47,8.17,8.32,3.76,5.25,6.01,6.70,6.85,1.49,2.25,2.94,3.09,0.75,1.45,1.60,0.70,0.84,0.15
"Gaia19dak",1.25,2.46,4.42,5.06,5.63,5.53,5.19,1.21,3.16,3.81,4.38,4.27,3.93,1.96,2.60,3.17,3.07,2.73,0.65,1.22,1.11,0.77,0.57,0.47,0.13,-0.11,-0.45,-0.34
"Gaia19dke",0.75,1.63,2.87,3.45,3.67,3.79,3.70,0.88,2.12,2.70,2.92,3.04,2.94,1.24,1.82,2.04,2.16,2.06,0.58,0.80,0.92,0.82,0.22,0.34,0.24,0.12,0.03,-0.10
"Gaia19dmj",1.33,2.47,4.49,5.34,5.63,5.68,5.65,1.14,3.16,4.00,4.30,4.35,4.32,2.02,2.87,3.16,3.21,3.18,0.85,1.14,1.19,1.16,0.29,0.34,0.31,0.05,0.02,-0.03
"Gaia19dqd",1.12,2.20,4.11,4.85,5.12,5.11,4.89,1.07,2.98,3.72,3.99,3.98,3.77,1.91,2.65,2.92,2.91,2.69,0.74,1.01,1.00,0.78,0.27,0.26,0.04,-0.01,-0.23,-0.22
"Gaia19dqe",0.33,0.85,1.90,2.13,2.30,1.83,1.81,0.52,1.57,1.80,1.97,1.50,1.48,1.05,1.28,1.45,0.98,0.96,0.23,0.40,-0.07,-0.09,0.17,-0.30,-0.32,-0.47,-0.49,-0.02
"Gaia19dqg",1.73,3.01,5.23,6.24,6.61,6.81,6.70,1.29,3.51,4.51,4.88,5.08,4.97,2.22,3.23,3.60,3.80,3.69,1.01,1.38,1.58,1.47,0.37,0.57,0.46,0.20,0.09,-0.11
"Gaia19dqm",1.41,2.59,4.50,5.03,5.30,5.40,5.47,1.19,3.09,3.63,3.89,4.00,4.07,1.91,2.44,2.71,2.81,2.88,0.53,0.80,0.90,0.97,0.27,0.37,0.44,0.11,0.18,0.07
"Gaia19dqz",0.44,2.14,3.81,4.64,4.95,5.01,5.73,1.70,3.37,4.20,4.52,4.58,5.30,1.67,2.50,2.82,2.88,3.60,0.83,1.15,1.21,1.93,0.32,0.38,1.10,0.06,0.78,0.72
"Gaia19drp",0.64,1.44,2.42,2.76,2.98,3.67,3.99,0.80,1.77,2.12,2.33,3.03,3.35,0.98,1.32,1.54,2.23,2.55,0.35,0.56,1.25,1.58,0.21,0.91,1.23,0.70,1.02,0.32
"Gaia19dvk",0.86,1.79,3.24,3.66,3.94,4.45,4.65,0.93,2.38,2.80,3.08,3.60,3.79,1.45,1.87,2.15,2.67,2.86,0.42,0.70,1.22,1.41,0.28,0.80,0.99,0.52,0.71,0.19
"Gaia19dwt",1.90,3.24,5.52,6.13,6.45,6.71,6.72,1.34,3.62,4.23,4.54,4.81,4.82,2.28,2.89,3.21,3.48,3.49,0.61,0.93,1.20,1.21,0.32,0.59,0.60,0.27,0.28,0.01
"Gaia19dyo",1.26,2.81,5.88,7.04,7.64,8.23,8.04,1.55,4.62,5.78,6.38,6.97,6.79,3.07,4.23,4.83,5.42,5.23,1.16,1.76,2.36,2.17,0.60,1.19,1.00,0.60,0.41,-0.19
"Gaia19eca",2.43,3.91,6.70,7.88,8.34,8.61,8.34,1.48,4.26,5.45,5.91,6.17,5.91,2.78,3.97,4.43,4.70,4.43,1.19,1.65,1.91,1.65,0.46,0.72,0.46,0.27,0.00,-0.27
"Gaia19eek",1.21,2.33,4.18,5.04,5.30,5.52,5.47,1.12,2.97,3.83,4.09,4.31,4.26,1.85,2.71,2.96,3.19,3.14,0.86,1.11,1.34,1.29,0.25,0.48,0.43,0.22,0.18,-0.04
"Gaia19eim",0.40,1.85,3.31,4.04,4.30,4.48,4.87,1.45,2.91,3.64,3.90,4.07,4.46,1.46,2.19,2.45,2.62,3.01,0.73,0.98,1.16,1.55,0.26,0.44,0.83,0.18,0.57,0.39
"Gaia19ejl",1.86,3.25,5.86,7.10,7.55,8.43,8.29,1.39,4.00,5.24,5.69,6.57,6.43,2.61,3.85,4.30,5.18,5.04,1.24,1.69,2.57,2.43,0.45,1.33,1.19,0.88,0.74,-0.14
"Gaia19enj",0.68,2.13,5.77,6.83,6.71,7.57,7.50,1.45,5.09,6.15,6.04,6.89,6.82,3.64,4.70,4.59,5.44,5.37,1.06,0.95,1.80,1.74,-0.12,0.74,0.67,0.85,0.79,-0.06
"Gaia19epm",0.44,1.07,1.99,2.59,2.75,2.83,2.78,0.62,1.55,2.15,2.30,2.39,2.33,0.92,1.52,1.68,1.77,1.71,0.60,0.76,0.84,0.79,0.16,0.24,0.19,0.09,0.03,-0.06
"Gaia19esp",1.71,3.06,5.50,6.66,7.01,7.30,7.04,1.35,3.78,4.94,5.30,5.59,5.33,2.43,3.59,3.95,4.24,3.98,1.16,1.52,1.80,1.55,0.36,0.65,0.39,0.29,0.03,-0.26
"Gaia19ezx",0.57,1.30,2.31,2.57,2.71,2.84,2.86,0.73,1.75,2.01,2.15,2.28,2.30,1.01,1.27,1.41,1.54,1.57,0.26,0.40,0.53,0.55,0.14,0.27,0.29,0.13,0.15,0.02
"Gaia19fby",0.81,1.72,2.98,3.34,3.58,3.79,4.01,0.90,2.16,2.52,2.77,2.97,3.19,1.26,1.62,1.87,2.07,2.29,0.36,0.60,0.81,1.03,0.25,0.45,0.67,0.20,0.42,0.22
"Gaia19fhn",2.01,3.39,5.91,6.68,7.18,7.55,7.53,1.39,3.90,4.68,5.18,5.54,5.52,2.51,3.29,3.79,4.15,4.13,0.78,1.28,1.64,1.62,0.50,0.86,0.84,0.37,0.34,-0.02
"Gaia19fiy",0.59,1.34,2.52,2.85,3.13,3.75,3.99,0.75,1.93,2.26,2.54,3.16,3.40,1.18,1.51,1.79,2.41,2.65,0.33,0.61,1.23,1.47,0.29,0.90,1.14,0.62,0.86,0.24
"Gaia19fkg",0.29,0.75,1.73,1.90,2.05,2.10,2.30,0.46,1.44,1.61,1.76,1.81,2.01,0.98,1.15,1.30,1.35,1.55,0.17,0.32,0.37,0.57,0.15,0.20,0.40,0.05,0.25,0.20
"Gaia19flk",0.67,1.48,2.55,2.87,3.06,3.38,3.33,0.81,1.88,2.20,2.39,2.71,2.66,1.06,1.39,1.58,1.90,1.84,0.33,0.52,0.84,0.78,0.19,0.51,0.45,0.32,0.26,-0.06
"Gaia19fms",0.40,0.99,2.15,2.53,2.82,2.32,2.39,0.59,1.75,2.13,2.42,1.92,1.99,1.16,1.54,1.83,1.33,1.40,0.38,0.67,0.17,0.24,0.28,-0.22,-0.14,-0.50,-0.43,0.07
"Gaia19foc",0.55,1.27,2.14,2.54,2.68,3.08,3.06,0.72,1.59,1.99,2.13,2.53,2.51,0.87,1.27,1.41,1.81,1.79,0.40,0.54,0.94,0.92,0.13,0.54,0.52,0.40,0.39,-0.02
"Gaia19fpb",1.36,2.62,4.72,5.27,5.66,6.02,6.08,1.25,3.36,3.91,4.30,4.65,4.71,2.11,2.65,3.04,3.40,3.46,0.55,0.94,1.29,1.35,0.39,0.75,0.81,0.36,0.42,0.06
"Gaia20abf",0.26,0.69,1.17,1.33,1.39,1.94,1.99,0.43,0.92,1.07,1.14,1.68,1.73,0.48,0.64,0.70,1.25,1.30,0.16,0.22,0.77,0.82,0.06,0.61,0.66,0.55,0.60,0.05
"Gaia20aci",0.98,2.07,3.74,4.13,4.38,4.58,4.71,1.09,2.76,3.15,3.41,3.60,3.74,1.67,2.06,2.32,2.51,2.65,0.40,0.65,0.84,0.98,0.25,0.45,0.58,0.20,0.33,0.13
"Gaia20aeu",2.09,3.49,5.69,6.19,6.51,6.70,6.92,1.40,3.60,4.10,4.42,4.61,4.83,2.20,2.70,3.02,3.21,3.43,0.50,0.82,1.01,1.23,0.32,0.51,0.73,0.19,0.41,0.22
"Gaia20agb",0.45,1.05,2.31,2.90,3.43,3.59,4.70,0.60,1.86,2.45,2.98,3.14,4.25,1.26,1.85,2.38,2.54,3.65,0.60,1.12,1.29,2.39,0.53,0.69,1.79,0.17,1.27,1.10
"Gaia20agl",0.15,0.46,0.82,0.88,0.94,1.99,1.66,0.31,0.68,0.74,0.80,1.84,1.51,0.36,0.42,0.48,1.53,1.20,0.06,0.12,1.17,0.83,0.06,1.11,0.77,1.05,0.71,-0.33
"Gaia20aob",0.57,1.31,2.24,2.51,2.64,3.75,3.98,0.74,1.67,1.94,2.07,3.18,3.41,0.93,1.20,1.33,2.44,2.67,0.27,0.39,1.51,1.74,0.13,1.24,1.47,1.11,1.34,0.23
"Gaia20aoq",0.57,1.28,2.30,2.78,3.19,2.75,2.80,0.70,1.73,2.21,2.62,2.18,2.22,1.03,1.50,1.92,1.47,1.52,0.48,0.89,0.44,0.49,0.42,-0.03,0.02,-0.45,-0.40,0.05
"Gaia20asj",0.52,1.18,1.90,2.00,2.13,2.17,2.17,0.66,1.38,1.49,1.61,1.65,1.65,0.72,0.83,0.96,0.99,1.00,0.11,0.24,0.27,0.28,0.13,0.16,0.17,0.04,0.04,0.00
"Gaia20asm",1.39,2.55,4.51,5.12,5.46,6.50,6.80,1.16,3.12,3.73,4.07,5.11,5.41,1.96,2.57,2.91,3.95,4.25,0.61,0.95,1.99,2.29,0.34,1.38,1.68,1.04,1.34,0.30
"Gaia20asq",1.16,2.20,3.83,4.60,4.73,4.88,4.86,1.05,2.67,3.44,3.57,3.72,3.70,1.63,2.39,2.53,2.67,2.65,0.77,0.90,1.04,1.03,0.13,0.28,0.26,0.14,0.13,-0.02
"Gaia20atp",0.87,1.83,3.41,3.86,4.16,4.61,4.86,0.96,2.54,2.99,3.29,3.74,3.99,1.58,2.03,2.33,2.78,3.03,0.44,0.75,1.20,1.45,0.31,0.75,1.01,0.44,0.70,0.25
"Gaia20avj",1.30,2.93,5.85,6.98,7.45,7.61,7.64,1.64,4.56,5.68,6.15,6.31,6.35,2.92,4.04,4.51,4.68,4.71,1.13,1.59,1.76,1.79,0.47,0.63,0.66,0.16,0.20,0.03
"Gaia20avm",0.38,0.97,1.97,2.39,2.79,3.26,3.17,0.60,1.60,2.01,2.41,2.88,2.79,1.00,1.42,1.82,2.29,2.19,0.42,0.82,1.29,1.19,0.40,0.87,0.77,0.47,0.38,-0.09
"Gaia20azf",0.88,1.82,3.18,3.90,4.01,4.82,4.73,0.94,2.30,3.02,3.13,3.94,3.85,1.36,2.08,2.19,3.00,2.91,0.72,0.83,1.64,1.55,0.12,0.92,0.84,0.81,0.72,-0.08
"Gaia20bbn",1.71,2.99,5.16,5.76,6.11,6.31,6.13,1.28,3.45,4.05,4.40,4.60,4.41,2.17,2.77,3.12,3.32,3.13,0.60,0.94,1.15,0.96,0.35,0.55,0.36,0.21,0.02,-0.19
"Gaia20bdk",1.47,2.90,5.76,7.23,8.25,9.65,10.54,1.43,4.29,5.76,6.78,8.18,9.07,2.85,4.33,5.34,6.74,7.64,1.47,2.49,3.89,4.78,1.02,2.42,3.31,1.40,2.30,0.89
"Gaia20ben",1.82,3.34,5.95,6.47,7.01,7.16,6.91,1.52,4.13,4.65,5.19,5.34,5.09,2.61,3.13,3.67,3.82,3.57,0.52,1.06,1.21,0.96,0.54,0.69,0.44,0.15,-0.10,-0.25
"Gaia20bfm",1.48,2.80,4.80,5.29,5.70,5.67,5.80,1.33,3.32,3.82,4.23,4.19,4.32,1.99,2.49,2.90,2.87,2.99,0.50,0.91,0.88,1.00,0.41,0.38,0.50,-0.03,0.09,0.13
"Gaia20bgq",1.66,2.96,5.03,6.05,6.33,6.70,6.83,1.30,3.37,4.39,4.66,5.04,5.17,2.07,3.08,3.36,3.73,3.86,1.01,1.29,1.66,1.79,0.28,0.65,0.78,0.37,0.50,0.13
"Gaia20bgu",1.22,2.35,4.27,5.08,5.34,5.96,5.75,1.13,3.04,3.86,4.11,4.74,4.53,1.91,2.73,2.98,3.61,3.40,0.82,1.07,1.70,1.49,0.25,0.88,0.67,0.63,0.42,-0.21
"Gaia20bhk",0.51,1.22,2.22,2.52,2.62,3.09,3.11,0.70,1.71,2.01,2.11,2.58,2.59,1.01,1.30,1.41,1.88,1.89,0.29,0.40,0.87,0.88,0.11,0.57,0.59,0.47,0.48,0.01
"Gaia20bhq",0.53,1.39,2.25,3.20,3.99,4.41,5.22,0.86,1.72,2.68,3.46,3.88,4.70,0.85,1.81,2.60,3.02,3.83,0.96,1.75,2.17,2.98,0.79,1.21,2.02,0.42,1.23,0.81
"Gaia20biv",-0.07,0.89,1.78,3.04,4.09,5.48,6.44,0.96,1.85,3.11,4.16,5.55,6.51,0.89,2.15,3.20,4.59,5.55,1.27,2.31,3.70,4.66,1.05,2.44,3.40,1.39,2.35,0.96
"Gaia20biy",2.09,3.59,6.32,7.60,8.04,7.96,7.59,1.50,4.23,5.51,5.95,5.87,5.50,2.73,4.01,4.45,4.37,4.00,1.28,1.72,1.64,1.27,0.44,0.36,-0.01,-0.08,-0.45,-0.37
"Gaia20bjg",0.92,2.28,4.40,5.18,5.55,5.93,5.76,1.37,3.48,4.26,4.64,5.01,4.84,2.12,2.89,3.27,3.65,3.47,0.77,1.15,1.53,1.36,0.38,0.76,0.58,0.38,0.20,-0.18
"Gaia20bjn",1.11,2.62,4.71,5.59,5.91,6.12,6.34,1.52,3.60,4.48,4.80,5.01,5.23,2.09,2.96,3.29,3.49,3.72,0.87,1.20,1.41,1.63,0.32,0.53,0.75,0.21,0.43,0.22
"Gaia20bjs",0.32,2.19,3.91,4.80,5.13,5.83,6.05,1.87,3.59,4.48,4.81,5.52,5.73,1.72,2.61,2.94,3.64,3.86,0.89,1.22,1.92,2.14,0.33,1.04,1.25,0.71,0.92,0.21
"Gaia20bka",1.95,3.47,6.27,7.36,7.82,8.13,8.06,1.52,4.32,5.42,5.87,6.18,6.11,2.80,3.90,4.35,4.66,4.59,1.10,1.55,1.86,1.79,0.45,0.77,0.69,0.32,0.24,-0.08
"Gaia20bkd",0.98,2.64,4.84,5.74,6.08,6.36,6.27,1.66,3.86,4.76,5.10,5.38,5.30,2.20,3.11,3.44,3.72,3.64,0.91,1.24,1.52,1.44,0.33,0.62,0.53,0.28,0.20,-0.09
"Gaia20bkw",0.91,1.86,3.24,3.74,3.93,4.21,4.18,0.96,2.33,2.83,3.02,3.31,3.27,1.37,1.88,2.06,2.35,2.31,0.50,0.69,0.98,0.94,0.19,0.47,0.44,0.29,0.25,-0.04
"Gaia20blb",0.95,1.96,3.36,3.77,3.99,4.24,4.12,1.01,2.41,2.82,3.04,3.29,3.17,1.40,1.81,2.03,2.28,2.16,0.41,0.63,0.88,0.76,0.22,0.47,0.36,0.25,0.13,-0.12
"Gaia20blm",0.53,1.41,3.10,3.33,3.53,3.85,3.52,0.88,2.57,2.80,3.01,3.33,3.00,1.69,1.92,2.13,2.45,2.11,0.23,0.44,0.76,0.43,0.21,0.53,0.19,0.32,-0.01,-0.33
"Gaia20blp",1.00,2.02,3.81,4.37,4.74,4.56,4.60,1.02,2.81,3.38,3.75,3.56,3.60,1.79,2.36,2.73,2.54,2.58,0.57,0.94,0.75,0.79,0.37,0.18,0.22,-0.19,-0.15,0.04
"Gaia20blw",0.65,1.45,2.61,2.94,3.15,3.27,3.32,0.80,1.95,2.29,2.50,2.61,2.67,1.15,1.49,1.70,1.81,1.87,0.33,0.55,0.66,0.72,0.21,0.33,0.38,0.12,0.17,0.05
"Gaia20bmg",-0.30,1.61,2.52,3.75,5.31,7.66,8.83,1.91,2.82,4.05,5.62,7.96,9.13,0.91,2.14,3.70,6.04,7.22,1.23,2.79,5.13,6.31,1.57,3.91,5.08,2.34,3.52,1.17
"Gaia20bml",1.04,2.09,3.71,4.19,4.45,4.65,4.64,1.06,2.68,3.15,3.41,3.61,3.60,1.62,2.10,2.36,2.56,2.55,0.48,0.74,0.94,0.93,0.26,0.46,0.45,0.20,0.19,-0.01
"Gaia20boe",1.56,2.88,4.69,5.51,5.74,5.83,5.97,1.32,3.13,3.95,4.18,4.27,4.40,1.81,2.63,2.86,2.95,3.08,0.82,1.05,1.14,1.28,0.23,0.32,0.45,0.09,0.22,0.13
"Gaia20bof",0.76,1.67,2.94,3.44,3.64,3.94,3.77,0.91,2.17,2.67,2.88,3.17,3.00,1.27,1.77,1.97,2.27,2.10,0.50,0.71,1.00,0.83,0.21,0.50,0.33,0.29,0.12,-0.17
"Gaia20bor",0.42,1.03,1.78,1.96,2.02,2.16,2.16,0.61,1.36,1.54,1.60,1.75,1.74,0.75,0.93,0.99,1.14,1.14,0.18,0.25,0.39,0.39,0.07,0.21,0.21,0.14,0.14,0.00
"Gaia20bpk",0.25,0.69,1.25,1.47,1.54,1.74,1.69,0.44,1.00,1.21,1.29,1.49,1.44,0.56,0.78,0.86,1.05,1.00,0.22,0.29,0.49,0.44,0.08,0.27,0.22,0.20,0.15,-0.05
"Gaia20bpl",0.62,1.40,2.48,2.76,2.95,3.02,3.02,0.78,1.86,2.14,2.33,2.40,2.40,1.08,1.36,1.55,1.62,1.62,0.28,0.47,0.54,0.54,0.19,0.26,0.26,0.07,0.07,0.00
"Gaia20bsn",1.64,2.91,4.57,5.24,5.50,5.74,5.94,1.27,2.92,3.60,3.86,4.10,4.30,1.65,2.32,2.59,2.83,3.02,0.67,0.94,1.18,1.37,0.27,0.51,0.70,0.24,0.43,0.20
"Gaia20btf",1.46,2.95,6.44,7.49,7.97,8.82,8.51,1.49,4.97,6.03,6.51,7.36,7.05,3.48,4.54,5.02,5.87,5.56,1.06,1.53,2.39,2.08,0.47,1.33,1.02,0.86,0.55,-0.31
"Gaia20bth",0.43,2.16,4.14,4.98,5.33,5.35,5.80,1.73,3.71,4.55,4.90,4.92,5.37,1.99,2.82,3.17,3.20,3.65,0.84,1.19,1.21,1.66,0.35,0.38,0.82,0.02,0.47,0.45
"Gaia20bua",1.90,3.47,6.18,7.25,7.71,7.95,7.87,1.58,4.29,5.35,5.81,6.06,5.97,2.71,3.78,4.23,4.48,4.40,1.07,1.52,1.77,1.69,0.46,0.70,0.62,0.25,0.17,-0.08
"Gaia20buc",2.67,4.41,7.58,8.69,9.28,9.72,9.67,1.75,4.91,6.02,6.61,7.05,7.00,3.17,4.28,4.87,5.30,5.25,1.11,1.70,2.13,2.09,0.59,1.03,0.98,0.44,0.39,-0.05
"Gaia20bwp",1.50,2.78,4.91,5.85,6.13,6.34,6.15,1.27,3.40,4.35,4.63,4.84,4.65,2.13,3.08,3.36,3.57,3.37,0.95,1.23,1.44,1.25,0.28,0.49,0.30,0.21,0.02,-0.19
"Gaia20bxd",0.40,0.99,1.69,1.91,1.98,2.05,1.94,0.59,1.29,1.50,1.58,1.64,1.54,0.71,0.92,0.99,1.06,0.95,0.21,0.29,0.35,0.24,0.08,0.14,0.03,0.06,-0.05,-0.11
"Gaia20bzn",0.78,1.66,2.78,3.05,3.25,3.31,2.71,0.88,2.00,2.27,2.47,2.53,1.93,1.12,1.38,1.59,1.65,1.05,0.27,0.48,0.53,-0.07,0.21,0.26,-0.33,0.05,-0.54,-0.60
"Gaia20cek",1.04,2.06,3.69,4.14,4.38,4.67,4.73,1.02,2.65,3.10,3.34,3.63,3.70,1.63,2.08,2.32,2.61,2.68,0.45,0.69,0.99,1.05,0.24,0.53,0.60,0.29,0.35,0.06
"Gaia20cen",1.00,2.01,3.55,3.91,4.19,4.41,4.48,1.01,2.55,2.91,3.19,3.41,3.48,1.54,1.90,2.18,2.40,2.47,0.36,0.64,0.86,0.93,0.28,0.49,0.57,0.22,0.29,0.07
"Gaia20cga",0.80,1.70,3.56,3.99,4.27,3.67,3.61,0.91,2.76,3.19,3.47,2.88,2.81,1.86,2.29,2.57,1.97,1.90,0.43,0.71,0.11,0.05,0.28,-0.32,-0.38,-0.60,-0.66,-0.07
"Gaia20cgb",0.62,1.40,2.35,2.69,2.81,2.89,2.87,0.78,1.73,2.07,2.19,2.27,2.25,0.95,1.29,1.41,1.49,1.47,0.34,0.46,0.54,0.52,0.12,0.20,0.18,0.08,0.06,-0.02
"Gaia20clv",0.76,1.66,2.91,3.30,3.50,3.65,3.61,0.90,2.15,2.54,2.74,2.89,2.85,1.26,1.64,1.85,1.99,1.95,0.39,0.59,0.74,0.69,0.20,0.35,0.31,0.15,0.10,-0.04
"Gaia20cmv",0.93,1.91,3.46,3.88,4.12,4.43,4.43,0.98,2.54,2.95,3.19,3.50,3.50,1.56,1.97,2.21,2.52,2.52,0.42,0.66,0.97,0.96,0.24,0.55,0.55,0.31,0.31,0.00
"Gaia20cnv",0.92,1.88,3.49,3.84,4.09,3.91,3.86,0.96,2.57,2.92,3.17,2.99,2.94,1.61,1.96,2.21,2.03,1.98,0.35,0.60,0.42,0.37,0.25,0.07,0.01,-0.18,-0.24,-0.05
"Gaia20cnw",1.64,2.94,5.27,6.25,6.51,6.81,6.69,1.30,3.63,4.60,4.87,5.17,5.05,2.34,3.31,3.57,3.87,3.75,0.97,1.24,1.54,1.42,0.27,0.56,0.45,0.30,0.18,-0.12
"Gaia20cog",0.79,1.69,3.06,3.46,3.72,4.36,4.58,0.90,2.27,2.67,2.94,3.57,3.79,1.37,1.77,2.04,2.67,2.89,0.40,0.67,1.31,1.52,0.27,0.90,1.12,0.64,0.85,0.22
"Gaia20coi",0.13,0.37,0.64,0.72,0.73,0.71,0.66,0.25,0.51,0.59,0.60,0.58,0.53,0.27,0.34,0.35,0.34,0.29,0.07,0.08,0.07,0.02,0.01,-0.01,-0.05,-0.02,-0.06,-0.05
"Gaia20cop",0.48,1.16,1.96,2.29,2.35,2.85,2.85,0.67,1.48,1.80,1.86,2.37,2.37,0.80,1.13,1.19,1.70,1.69,0.33,0.39,0.89,0.89,0.06,0.57,0.56,0.51,0.50,0.00
"Gaia20crc",1.46,2.64,5.03,5.67,6.07,5.94,5.89,1.18,3.57,4.21,4.61,4.48,4.43,2.39,3.03,3.43,3.30,3.25,0.64,1.04,0.91,0.87,0.40,0.27,0.22,-0.13,-0.18,-0.05
"Gaia20cvo",0.96,1.93,3.34,3.70,3.91,4.48,4.55,0.97,2.38,2.74,2.96,3.52,3.59,1.41,1.77,1.98,2.54,2.61,0.36,0.58,1.14,1.21,0.22,0.78,0.85,0.56,0.63,0.07
"Gaia20cvu",0.76,1.63,2.81,3.10,3.25,3.33,3.24,0.87,2.05,2.34,2.49,2.57,2.48,1.18,1.47,1.62,1.70,1.61,0.29,0.43,0.51,0.43,0.15,0.22,0.14,0.08,-0.01,-0.09
"Gaia20cxk",1.78,3.05,5.61,6.29,6.69,6.77,7.08,1.27,3.83,4.51,4.91,4.99,5.30,2.56,3.24,3.64,3.72,4.04,0.68,1.08,1.16,1.47,0.40,0.48,0.79,0.08,0.39,0.31
"Gaia20cyx",0.85,1.78,3.14,3.45,3.65,3.95,3.89,0.93,2.29,2.60,2.80,3.10,3.04,1.36,1.67,1.88,2.17,2.11,0.31,0.51,0.81,0.75,0.20,0.50,0.44,0.29,0.24,-0.06
"Gaia20czv",1.03,2.02,3.90,4.19,4.43,4.90,4.84,0.99,2.87,3.16,3.40,3.87,3.81,1.88,2.17,2.41,2.88,2.82,0.29,0.53,1.00,0.94,0.24,0.71,0.65,0.47,0.41,-0.06
"Gaia20dft",2.53,4.01,6.81,7.62,7.98,8.37,8.44,1.48,4.28,5.08,5.45,5.84,5.91,2.80,3.60,3.97,4.35,4.43,0.81,1.17,1.56,1.63,0.37,0.75,0.83,0.39,0.46,0.07
"Gaia20dsa",1.30,2.50,4.49,5.08,5.48,5.52,5.63,1.20,3.19,3.78,4.18,4.22,4.33,2.00,2.59,2.98,3.02,3.14,0.59,0.98,1.03,1.14,0.40,0.44,0.55,0.04,0.16,0.11
"Gaia20dtu",1.76,3.63,7.02,8.33,8.90,9.42,9.36,1.87,5.26,6.57,7.14,7.67,7.60,3.39,4.70,5.27,5.79,5.73,1.31,1.89,2.41,2.34,0.58,1.10,1.03,0.52,0.46,-0.06
"Gaia20dtv",1.29,2.66,4.74,5.29,5.79,6.39,6.28,1.37,3.45,3.99,4.50,5.10,4.99,2.08,2.63,3.13,3.73,3.62,0.55,1.05,1.66,1.55,0.50,1.11,1.00,0.61,0.49,-0.11
"Gaia20dun",1.83,3.44,6.00,7.10,7.49,7.74,7.65,1.61,4.17,5.26,5.65,5.91,5.82,2.56,3.65,4.04,4.30,4.21,1.09,1.48,1.74,1.65,0.39,0.65,0.56,0.25,0.16,-0.09
"Gaia20dwf",1.24,2.37,4.24,5.21,5.51,5.84,5.46,1.13,2.99,3.97,4.26,4.59,4.22,1.87,2.84,3.13,3.47,3.09,0.97,1.27,1.60,1.23,0.30,0.63,0.25,0.33,-0.04,-0.38
"Gaia20dxg",1.85,3.18,5.63,6.73,7.15,7.32,7.03,1.33,3.78,4.88,5.29,5.46,5.18,2.45,3.55,3.96,4.13,3.85,1.10,1.51,1.69,1.40,0.41,0.58,0.30,0.17,-0.12,-0.29
"Gaia20eae",0.97,2.51,4.86,6.30,7.32,8.59,9.25,1.54,3.90,5.33,6.35,7.62,8.29,2.35,3.79,4.81,6.08,6.74,1.44,2.46,3.73,4.39,1.02,2.29,2.95,1.27,1.93,0.66
"Gaia20eak",0.74,1.60,2.84,3.18,3.43,3.31,3.30,0.86,2.09,2.43,2.69,2.57,2.55,1.23,1.57,1.83,1.71,1.69,0.34,0.60,0.48,0.46,0.26,0.14,0.12,-0.12,-0.14,-0.02
"Gaia20eby",0.76,1.67,2.96,3.64,3.85,3.80,3.87,0.91,2.20,2.88,3.09,3.04,3.11,1.29,1.98,2.18,2.13,2.21,0.68,0.89,0.84,0.91,0.21,0.16,0.23,-0.05,0.02,0.07
"Gaia20ecz",0.53,2.40,4.00,4.93,5.21,5.55,5.55,1.87,3.46,4.40,4.68,5.01,5.01,1.60,2.53,2.81,3.15,3.15,0.94,1.21,1.55,1.55,0.28,0.61,0.62,0.34,0.34,0.00
"Gaia20edf",1.30,3.15,5.25,6.26,6.65,7.02,6.77,1.84,3.95,4.96,5.34,5.72,5.47,2.11,3.12,3.50,3.88,3.62,1.01,1.39,1.77,1.52,0.38,0.76,0.51,0.38,0.12,-0.25
"Gaia20edn",3.06,4.91,8.82,10.41,11.05,11.91,11.81,1.85,5.77,7.35,8.00,8.86,8.75,3.91,5.49,6.14,7.00,6.90,1.58,2.23,3.09,2.99,0.65,1.51,1.41,0.86,0.76,-0.10
"Gaia20eer",0.71,2.69,5.18,6.27,6.76,7.06,6.98,1.98,4.47,5.56,6.05,6.35,6.27,2.49,3.58,4.07,4.37,4.29,1.09,1.59,1.88,1.80,0.49,0.79,0.71,0.30,0.22,-0.08
"Gaia20efl",0.42,1.12,2.21,2.68,2.83,3.29,3.25,0.70,1.78,2.25,2.40,2.87,2.82,1.08,1.55,1.70,2.17,2.12,0.47,0.62,1.09,1.04,0.15,0.62,0.57,0.47,0.42,-0.05
"Gaia20efx",1.62,2.92,4.69,5.34,5.57,5.87,5.22,1.29,3.06,3.71,3.95,4.24,3.60,1.77,2.42,2.65,2.95,2.31,0.65,0.89,1.18,0.54,0.24,0.53,-0.11,0.30,-0.35,-0.65
"Gaia20egz",0.61,1.37,2.30,2.53,2.67,2.87,2.86,0.76,1.69,1.92,2.06,2.25,2.25,0.93,1.16,1.30,1.49,1.49,0.23,0.37,0.57,0.57,0.14,0.34,0.33,0.20,0.20,0.00
"Gaia20ejb",0.46,1.11,1.99,2.26,2.51,2.61,2.79,0.65,1.53,1.80,2.05,2.16,2.34,0.88,1.15,1.40,1.51,1.69,0.27,0.52,0.63,0.81,0.25,0.36,0.54,0.10,0.29,0.18
"Gaia20eqj",1.78,3.46,6.20,7.34,7.80,8.17,8.13,1.68,4.42,5.56,6.02,6.39,6.35,2.74,3.88,4.34,4.71,4.67,1.13,1.59,1.97,1.93,0.46,0.84,0.80,0.38,0.33,-0.04
"Gaia20eqm",3.18,4.98,9.08,10.30,10.92,11.38,11.31,1.81,5.91,7.13,7.74,8.20,8.14,4.10,5.32,5.94,6.40,6.33,1.22,1.84,2.30,2.23,0.62,1.08,1.01,0.46,0.39,-0.07
"Gaia20eqs",0.70,2.30,3.83,4.58,4.80,5.15,5.58,1.61,3.13,3.89,4.11,4.46,4.89,1.53,2.28,2.50,2.85,3.28,0.76,0.98,1.33,1.76,0.22,0.57,1.00,0.35,0.78,0.43
"Gaia20equ",1.04,2.23,4.00,4.91,5.17,5.93,5.58,1.19,2.97,3.87,4.13,4.89,4.54,1.77,2.67,2.94,3.69,3.35,0.90,1.17,1.92,1.58,0.26,1.02,0.67,0.76,0.41,-0.35
"Gaia20eqx",0.50,1.84,3.15,3.90,4.10,4.23,4.14,1.35,2.66,3.40,3.60,3.73,3.64,1.31,2.05,2.25,2.38,2.30,0.74,0.94,1.07,0.99,0.20,0.33,0.24,0.13,0.04,-0.09
"Gaia20erh",0.76,1.76,3.05,3.70,3.96,3.90,3.87,1.00,2.29,2.94,3.20,3.14,3.11,1.30,1.94,2.21,2.14,2.12,0.64,0.91,0.85,0.82,0.27,0.21,0.18,-0.06,-0.09,-0.03
"Gaia20esj",0.50,1.27,3.13,3.77,4.00,4.38,3.90,0.77,2.63,3.27,3.50,3.88,3.40,1.86,2.51,2.73,3.11,2.64,0.64,0.87,1.25,0.77,0.22,0.60,0.13,0.38,-0.09,-0.47
"Gaia20esu",3.06,4.81,8.70,9.91,10.54,11.30,11.38,1.76,5.64,6.86,7.49,8.24,8.32,3.89,5.10,5.73,6.48,6.56,1.21,1.84,2.60,2.68,0.63,1.39,1.46,0.76,0.83,0.08
"Gaia20fcc",0.22,0.61,0.97,1.05,1.03,1.09,1.08,0.38,0.75,0.83,0.81,0.87,0.86,0.36,0.45,0.42,0.49,0.47,0.08,0.06,0.12,0.11,-0.02,0.04,0.03,0.06,0.05,-0.01
"Gaia20fcq",0.67,1.70,3.00,3.38,3.65,4.31,4.54,1.03,2.33,2.71,2.98,3.64,3.87,1.30,1.68,1.95,2.61,2.84,0.38,0.65,1.31,1.54,0.28,0.94,1.16,0.66,0.89,0.23
"Gaia20fhb",0.53,1.26,2.31,2.55,2.66,2.73,2.66,0.73,1.79,2.02,2.13,2.20,2.13,1.05,1.28,1.39,1.47,1.40,0.23,0.34,0.42,0.35,0.11,0.19,0.11,0.08,0.00,-0.07
"Gaia20fhu",1.07,2.28,4.14,4.82,4.90,5.57,5.59,1.21,3.07,3.75,3.83,4.50,4.52,1.86,2.54,2.62,3.29,3.30,0.67,0.75,1.43,1.44,0.08,0.76,0.77,0.68,0.69,0.01
"Gaia20fir",1.47,2.69,4.44,5.00,5.25,5.37,5.50,1.22,2.96,3.53,3.77,3.89,4.02,1.74,2.31,2.56,2.68,2.80,0.57,0.81,0.93,1.06,0.25,0.37,0.49,0.12,0.25,0.13
"Gaia20fju",0.25,1.96,6.14,6.96,6.92,7.52,7.31,1.71,5.89,6.71,6.67,7.27,7.06,4.18,5.00,4.96,5.56,5.35,0.82,0.78,1.38,1.17,-0.04,0.55,0.35,0.60,0.39,-0.21
"Gaia20fkk",0.88,1.80,3.05,3.90,4.02,4.16,4.04,0.92,2.17,3.03,3.14,3.28,3.16,1.25,2.11,2.23,2.37,2.25,0.86,0.98,1.12,0.99,0.12,0.26,0.14,0.14,0.02,-0.12
"Gaia20fmm",-0.98,-1.98,1.60,2.35,2.61,2.78,2.50,-1.00,2.58,3.33,3.59,3.76,3.48,3.58,4.33,4.59,4.76,4.48,0.75,1.01,1.18,0.90,0.26,0.43,0.15,0.17,-0.11,-0.28
"Gaia20fnr",-0.69,-1.23,0.88,1.41,1.54,1.61,1.53,-0.54,1.57,2.10,2.23,2.30,2.22,2.11,2.64,2.77,2.84,2.76,0.53,0.66,0.73,0.65,0.13,0.20,0.12,0.07,-0.01,-0.08
"Gaia18bcb",2.25,3.98,10.28,12.05,12.86,13.49,13.63,1.73,8.03,9.80,10.61,11.24,11.38,6.30,8.07,8.88,9.51,9.65,1.77,2.58,3.21,3.35,0.81,1.44,1.58,0.63,0.77,0.14
"Gaia18dvy",-1.30,-2.74,3.49,4.20,3.99,6.03,6.89,-1.44,4.79,5.50,5.29,7.33,8.19,6.23,6.94,6.73,8.77,9.63,0.71,0.50,2.54,3.40,-0.21,1.83,2.69,2.04,2.90,0.86
